{"bulkConcentration": 1e-3, "diffusionCoefficientCu": 1.07e-9, "diffusionCoefficientSO4": 0.733e-9,"diffusionCoefficientScale": 1e-09, "laminarFlowRegion": 1e-10, "reactionRate": 2e2, "z": 2, "e": 1.60217662e-19, "kb": 1.38064852e-23, "T": 300, "Na": 6.02e+23, "Fa": 96485.3329, "R": 8.314472, "V0": -0.15, "D1": 1.07, "D2": 0.733, "epsilon": 7.163037946380001e-10, "length": 5.0, "current": 150, "convert_to_molar": 1e3, "timespan": 10}